gene,cluster_id,level_1,level_2,level_3,level_4,max_level,is_core,mean_log2fc,direction
ABCA1,8,True,True,True,True,4,True,-1.0828161531540401,down
ACBD6,10,True,True,True,True,4,True,0.484524192952426,up
AKAP12,1,True,True,True,True,4,True,-2.839935116740429,down
AKAP9,11,True,True,True,True,4,True,0.5436181214634143,up
ALCAM,29,True,True,True,True,4,True,1.592902945776012,up
ANKRD30A,24,True,True,True,True,4,True,2.5890652923278332,up
ANKRD35,12,True,True,True,True,4,True,-1.8767703291915678,down
ARRDC3,26,True,True,True,True,4,True,-1.0742522821725236,down
ASXL1,5,True,True,True,True,4,True,-0.04558386323406113,down
AURKA,15,True,True,True,True,4,True,1.9178240669113444,up
BANP,18,True,True,True,True,4,True,0.47010795592881954,up
BARD1,25,True,True,True,True,4,True,1.2287450611758957,up
BCAR1,19,True,True,True,True,4,True,0.3204138143311188,up
BCKDHB,20,True,True,True,True,4,True,-0.7146953453974018,down
BCL2,22,True,True,True,True,4,True,-0.8666519351399072,down
BCL2L1,5,True,True,True,True,4,True,0.35616034381419465,up
BHLHE40,11,True,True,True,True,4,True,1.0031323957578546,up
BIRC5,15,True,True,True,True,4,True,1.5090544579803178,up
CACNA2D1,17,True,True,True,True,4,True,-1.988325276164305,down
CASP3,28,True,True,True,True,4,True,0.4547692234390392,up
CAVIN1,17,True,True,True,True,4,True,-1.7799572079921433,down
CBX6,4,True,True,True,True,4,True,-0.013798969231084257,down
CCNG1,12,True,True,True,True,4,True,-0.6954717968120369,down
CD248,8,True,True,True,True,4,True,-1.3906652547185834,down
CD34,16,True,True,True,True,4,True,-1.181047002906077,down
CDH1,2,True,True,True,True,4,True,3.0049130936666546,up
CDK20,23,True,True,True,True,4,True,0.24068267567476168,up
CDKN2B,12,True,True,True,True,4,True,-1.859342282593232,down
CEBPB,22,True,True,True,True,4,True,-0.7993091763770478,down
CFLAR,4,True,True,True,True,4,True,-0.0027752288934141944,down
CHD1,19,True,True,True,True,4,True,0.39917334406302035,up
CHD1L,11,True,True,True,True,4,True,0.5718141300178713,up
CPXM2,20,True,True,True,True,4,True,-1.1380006128426752,down
CTPS1,25,True,True,True,True,4,True,0.985559193421124,up
CYBRD1,20,True,True,True,True,4,True,-1.0382091471311903,down
DNAJC1,25,True,True,True,True,4,True,0.9086334572676247,up
DUSP4,18,True,True,True,True,4,True,0.7939333936313506,up
EBF1,12,True,True,True,True,4,True,-3.989835148770206,down
EGFR,8,True,True,True,True,4,True,-1.7414061841013357,down
EGR2,9,True,True,True,True,4,True,-0.7769557505538375,down
EIF2B5,24,True,True,True,True,4,True,0.47711283625474543,up
ELOVL5,26,True,True,True,True,4,True,-0.7754615526656204,down
ENO2,2,True,True,True,True,4,True,0.9948922759942058,up
EPCAM,2,True,True,True,True,4,True,3.27311047531488,up
ERBB2,28,True,True,True,True,4,True,1.6621741531780954,up
ERCC8,26,True,True,True,True,4,True,-0.7518847656378602,down
ESR1,18,True,True,True,True,4,True,0.9913770940014454,up
FAT1,21,True,True,True,True,4,True,-0.612530794969039,down
FAT4,20,True,True,True,True,4,True,-0.9779982081441688,down
FEN1,14,True,True,True,True,4,True,0.8567522948297212,up
FGFR1,16,True,True,True,True,4,True,-0.8456549753482498,down
FILIP1L,7,True,True,True,True,4,True,-1.2641221613894693,down
GPR68,15,True,True,True,True,4,True,0.5114501082334195,up
GRHL2,23,True,True,True,True,4,True,1.3775878118537372,up
HLF,17,True,True,True,True,4,True,-1.7796926598576306,down
HSPA4,29,True,True,True,True,4,True,0.5505623973083722,up
HSPB7,1,True,True,True,True,4,True,-2.6752719244175416,down
IGF1,8,True,True,True,True,4,True,-2.3722682853923804,down
IL6,22,True,True,True,True,4,True,-1.1583237503197494,down
INHBB,8,True,True,True,True,4,True,-0.8780983136749825,down
IRX3,10,True,True,True,True,4,True,1.8776835760546051,up
IRX5,29,True,True,True,True,4,True,1.61187919197826,up
ITGA1,17,True,True,True,True,4,True,-1.5159862284153507,down
JAZF1,12,True,True,True,True,4,True,-1.5529203678463883,down
KLF4,1,True,True,True,True,4,True,-2.3464311417278307,down
KRAS,24,True,True,True,True,4,True,0.5877695203674227,up
KRT19,2,True,True,True,True,4,True,4.270111438840086,up
LIFR,12,True,True,True,True,4,True,-1.6348859112848337,down
LRATD2,24,True,True,True,True,4,True,1.6849669285994082,up
LYPD3,5,True,True,True,True,4,True,0.7538567820575812,up
MAP1LC3B,26,True,True,True,True,4,True,-0.5822017539725456,down
MARCO,20,True,True,True,True,4,True,-0.973900950483528,down
MDM2,23,True,True,True,True,4,True,0.4821194799274163,up
MELK,2,True,True,True,True,4,True,2.2629539222503166,up
MITF,16,True,True,True,True,4,True,-1.1656862040717522,down
MME,1,True,True,True,True,4,True,-2.6484201704864527,down
MN1,22,True,True,True,True,4,True,-0.8126946970561523,down
MRPS30,11,True,True,True,True,4,True,0.8758365130206537,up
MRTFA,14,True,True,True,True,4,True,0.06339397357394017,up
MSH6,11,True,True,True,True,4,True,0.5846636751858677,up
MUC1,24,True,True,True,True,4,True,2.19502342701823,up
MYO5A,9,True,True,True,True,4,True,-0.4235723041886672,down
NCOA4,13,True,True,True,True,4,True,-0.5591443849354635,down
NR2F6,11,True,True,True,True,4,True,0.7682141913531284,up
NREP,28,True,True,True,True,4,True,0.9365800358428352,up
PAK4,14,True,True,True,True,4,True,0.6286715218353844,up
PHLDA3,13,True,True,True,True,4,True,-0.8327732928374653,down
PHLDB3,24,True,True,True,True,4,True,1.2349695823159614,up
PID1,1,True,True,True,True,4,True,-2.350959286016713,down
PIK3CA,5,True,True,True,True,4,True,-0.7008413896147688,down
PIK3R1,22,True,True,True,True,4,True,-0.5413777028793074,down
PKNOX2,9,True,True,True,True,4,True,-0.3069359633327733,down
PLCG1,15,True,True,True,True,4,True,0.07973114460192872,up
PLK2,10,True,True,True,True,4,True,0.7238416094940398,up
PNPLA2,13,True,True,True,True,4,True,-0.6539955530254448,down
POGLUT3,20,True,True,True,True,4,True,-0.9126955026248322,down
PPP2R1B,8,True,True,True,True,4,True,-1.930393473642794,down
PPP2R3C,12,True,True,True,True,4,True,-0.8407355123108818,down
PRC1,2,True,True,True,True,4,True,2.4332183841507624,up
PRLR,5,True,True,True,True,4,True,1.8025948934131704,up
PSIP1,13,True,True,True,True,4,True,-0.5676167038220177,down
PTCH1,15,True,True,True,True,4,True,-0.7995583193380206,down
PTEN,8,True,True,True,True,4,True,-1.0146039470320407,down
PTPN11,16,True,True,True,True,4,True,-0.793261820593297,down
PTPRK,24,True,True,True,True,4,True,0.7613359045000608,up
RALY,25,True,True,True,True,4,True,0.48721107942738523,up
RFC1,4,True,True,True,True,4,True,-0.3344450112265216,down
RNF115,18,True,True,True,True,4,True,0.387736279814827,up
RPN1,11,True,True,True,True,4,True,0.4675609433087464,up
RPS23,4,True,True,True,True,4,True,-0.1278496030498554,down
SERINC1,7,True,True,True,True,4,True,-1.199368065596439,down
SERPINF1,7,True,True,True,True,4,True,-1.8965069095704568,down
SGCE,22,True,True,True,True,4,True,-1.3131660772058007,down
SGCG,8,True,True,True,True,4,True,-2.698371134921491,down
SGSM3,10,True,True,True,True,4,True,0.42992121299551983,up
SIAH2,4,True,True,True,True,4,True,0.601747067295426,up
SLC25A15,24,True,True,True,True,4,True,0.7067152687903938,up
SMAD7,9,True,True,True,True,4,True,-0.48158957454964274,down
SOX4,29,True,True,True,True,4,True,1.353360221239633,up
SRGAP2C,9,True,True,True,True,4,True,-0.3438068618697138,down
STRADB,13,True,True,True,True,4,True,-1.342857143450101,down
SYNE1,21,True,True,True,True,4,True,-0.6083176292339854,down
TAB2,21,True,True,True,True,4,True,-0.4090413102594977,down
TACC3,5,True,True,True,True,4,True,0.7601882606569816,up
TAF5L,10,True,True,True,True,4,True,0.21009136586140809,up
TASOR2,11,True,True,True,True,4,True,0.8553705007789052,up
TBX5,21,True,True,True,True,4,True,-0.6469221715739168,down
TCF25,23,True,True,True,True,4,True,0.026781858630367122,up
TCF7L2,16,True,True,True,True,4,True,-0.8928199308001675,down
TDG,29,True,True,True,True,4,True,0.836457022009756,up
TEFM,28,True,True,True,True,4,True,0.8935567245095504,up
TENT5C,18,True,True,True,True,4,True,0.8055028962500442,up
TFRC,10,True,True,True,True,4,True,0.6130258417033575,up
TGFBR2,17,True,True,True,True,4,True,-1.7357850882717747,down
TGIF1,11,True,True,True,True,4,True,0.8642682791989594,up
TIMP3,12,True,True,True,True,4,True,-1.0724872943528585,down
TNNT3,7,True,True,True,True,4,True,-0.6654071133449652,down
TNS1,1,True,True,True,True,4,True,-2.2597528998882708,down
TOP1,28,True,True,True,True,4,True,0.6217180137042314,up
TOP2A,2,True,True,True,True,4,True,2.8105345575955147,up
TOX3,29,True,True,True,True,4,True,2.313357466175821,up
TPM4,10,True,True,True,True,4,True,0.8359037506676822,up
TRAP1,19,True,True,True,True,4,True,0.3090791015550109,up
TRPS1,2,True,True,True,True,4,True,1.6377238843526525,up
TTC28,16,True,True,True,True,4,True,-1.0039093373902686,down
TXNIP,16,True,True,True,True,4,True,-1.303984944922582,down
TYRO3,17,True,True,True,True,4,True,-1.6730153825577165,down
UTRN,16,True,True,True,True,4,True,-1.1043078106321662,down
VEGFC,12,True,True,True,True,4,True,-0.9542935045374034,down
VGLL3,8,True,True,True,True,4,True,-2.130522888609223,down
ZFPM2,7,True,True,True,True,4,True,-1.671856208460879,down
ZNF217,11,True,True,True,True,4,True,0.8186701273608245,up
A1CF,0,True,False,True,True,4,False,-0.10900450485464175,down
ABRAXAS1,26,True,False,True,True,4,False,-0.5691519748415717,down
ADCY3,27,True,False,True,True,4,False,-0.320904878173244,down
AKT1,11,True,False,True,True,4,False,0.49252835178801124,up
AP4B1,0,True,False,True,True,4,False,0.008374568361314338,up
ATAD5,0,True,False,True,True,4,False,-0.06973221640533467,down
ATF7IP,3,True,True,True,True,4,False,0.11695022503390422,up
BCL2L11,5,True,False,True,True,4,False,0.3662756737976484,up
BRCA2,14,True,False,True,True,4,False,0.12936710133678497,up
BRIP1,14,True,False,True,True,4,False,0.3275623022492564,up
BTBD3,3,True,False,True,True,4,False,0.3473145374045039,up
CASP9,19,True,False,True,True,4,False,0.1686542955709426,up
CASZ1,24,True,False,True,True,4,False,1.0532152565687125,up
CCDC88C,14,True,False,True,True,4,False,0.41251092892622476,up
CD8A,4,True,False,True,True,4,False,0.39716458963977974,up
CDC73,3,True,False,True,True,4,False,-0.051951523179785276,down
CDK12,4,True,False,True,True,4,False,0.22347337035681245,up
CDKN2A,19,True,False,True,True,4,False,0.40097198517842436,up
CDYL2,19,True,False,True,True,4,False,0.5276904090969587,up
CEP120,27,True,True,True,True,4,False,-0.4743929146988366,down
CTLA4,0,True,False,True,True,4,False,0.02125469153428239,up
CXCR2,6,True,False,True,True,4,False,-0.4188549344900556,down
EIF3H,11,True,False,True,True,4,False,0.3660906155195131,up
FTO,27,True,False,True,True,4,False,-0.4659507368972446,down
GAREM1,21,True,False,True,True,4,False,-0.5662071153700398,down
GREB1,4,True,False,True,True,4,False,0.7160891447562693,up
GSTM1,27,True,False,True,True,4,False,-0.5178805374048222,down
GTF3A,14,True,False,True,True,4,False,-0.15784511235747387,down
HPGD,9,True,False,True,True,4,False,-0.8333935967930901,down
KCTD1,10,True,False,True,True,4,False,0.7937811916980264,up
KDM7A,4,True,False,True,True,4,False,-0.009797750844060834,down
KLC1,15,True,False,True,True,4,False,-0.2743138705299059,down
LDAH,6,True,False,True,True,4,False,-0.41438683889401745,down
MAFG,3,True,False,True,True,4,False,-0.004875871211538356,down
MAP3K1,10,True,False,True,True,4,False,0.4675344392591434,up
MEN1,5,True,False,True,True,4,False,0.4821986594333841,up
MET,12,True,False,True,True,4,False,-0.9516783883745811,down
MTMR11,3,True,False,True,True,4,False,0.13454280286626874,up
NCAM1,9,True,False,True,True,4,False,-0.46893570894981385,down
NCOA1,3,True,True,True,True,4,False,-0.3378126450357953,down
NFKB2,5,True,False,True,True,4,False,0.15219417572082902,up
NUAK2,0,True,False,True,True,4,False,0.13625463505872393,up
NUDT17,10,True,False,True,True,4,False,0.3065986213617484,up
PALB2,18,True,False,True,True,4,False,0.38458714064547433,up
PCM1,4,True,False,True,True,4,False,-0.21475336326976802,down
PEG10,24,True,False,True,True,4,False,0.8475428843653038,up
PIDD1,4,True,False,True,True,4,False,0.2857096380565925,up
PLAUR,23,True,False,True,True,4,False,0.4902212379391804,up
PLK1,0,True,False,True,True,4,False,-0.05165475025769961,down
POT1,19,True,False,True,True,4,False,0.3644027894821293,up
RALB,27,True,False,True,True,4,False,-0.3019932386756829,down
SAV1,12,True,False,True,True,4,False,-0.6140348306739964,down
SLC35E3,11,True,False,True,True,4,False,0.5244080090805058,up
SLC4A7,10,True,False,True,True,4,False,0.603869943282516,up
SLITRK6,24,True,False,True,True,4,False,1.9605672014442552,up
SSBP2,27,True,True,True,True,4,False,-0.5107738788602019,down
THEM6,5,True,False,True,True,4,False,0.40136318132793525,up
THSD4,24,True,False,True,True,4,False,1.28426948799878,up
TNC,10,True,False,True,True,4,False,0.8981399733258133,up
TNFSF10,4,True,False,True,True,4,False,0.1910629426134521,up
TRAK2,22,True,False,True,True,4,False,-0.49211309618785865,down
TRIM46,0,True,False,True,True,4,False,0.15535085038050145,up
TTK,24,True,False,True,True,4,False,1.3309682275409038,up
UVSSA,25,True,False,True,True,4,False,0.9569830890170699,up
WWOX,6,True,False,True,True,4,False,-0.5625393796929483,down
ZMIZ1,4,True,False,True,True,4,False,0.15590786581026825,up
AMFR,3,True,False,True,False,3,False,0.2645213147851493,up
ATG10,6,True,False,True,False,3,False,-0.4067315492682333,down
CDKAL1,6,True,False,True,False,3,False,-0.3126725115425506,down
SPCS3,6,True,False,False,False,1,False,0.24522455502820803,up
APC,-1,False,False,False,False,0,False,-0.43485821396687907,down
PSME4,-1,False,False,False,False,0,False,0.45515204305840423,up
SLC22A5,-1,False,False,False,False,0,False,0.3678899098069121,up
XBP1,-1,False,False,False,False,0,False,1.369958541798656,up
ZBTB38,-1,False,False,False,False,0,False,-0.43998414427111027,down
